Run,Assay Type,AvgSpotLen,Bases,BioProject,BioSample,Bytes,Center Name,Consent,DATASTORE filetype,DATASTORE provider,DATASTORE region,Experiment,GEO_Accession (exp),infection,Instrument,LibraryLayout,LibrarySelection,LibrarySource,Organism,Platform,ReleaseDate,create_date,version,Sample Name,source_name,SRA Study,time_point,tissue
SRR13332242,RNA-Seq,138,827055768,PRJNA688734,SAMN17187141,344423747,GEO,public,"sra,fastq,run.zq","s3,ncbi,gs","s3.us-east-1,ncbi.public,gs.us-east1",SRX9759115,GSM4996084,mock,NextSeq 500,SINGLE,cDNA,TRANSCRIPTOMIC,Homo sapiens,ILLUMINA,2021-01-02T00:00:00Z,2020-12-30T15:41:00Z,1,GSM4996084,cadaver donor eye tissue,SRP299835,24 hours,cornea
SRR13332243,RNA-Seq,138,854329747,PRJNA688734,SAMN17187141,354633781,GEO,public,"run.zq,fastq,sra","ncbi,gs,s3","gs.us-east1,ncbi.public,s3.us-east-1",SRX9759115,GSM4996084,mock,NextSeq 500,SINGLE,cDNA,TRANSCRIPTOMIC,Homo sapiens,ILLUMINA,2021-01-02T00:00:00Z,2020-12-30T15:41:00Z,1,GSM4996084,cadaver donor eye tissue,SRP299835,24 hours,cornea
SRR13332244,RNA-Seq,138,849819102,PRJNA688734,SAMN17187141,355664510,GEO,public,"sra,run.zq,fastq","gs,s3,ncbi","s3.us-east-1,gs.us-east1,ncbi.public",SRX9759115,GSM4996084,mock,NextSeq 500,SINGLE,cDNA,TRANSCRIPTOMIC,Homo sapiens,ILLUMINA,2021-01-02T00:00:00Z,2020-12-30T15:39:00Z,1,GSM4996084,cadaver donor eye tissue,SRP299835,24 hours,cornea
SRR13332245,RNA-Seq,138,832302560,PRJNA688734,SAMN17187141,344441379,GEO,public,"run.zq,fastq,sra","s3,gs,ncbi","ncbi.public,s3.us-east-1,gs.us-east1",SRX9759115,GSM4996084,mock,NextSeq 500,SINGLE,cDNA,TRANSCRIPTOMIC,Homo sapiens,ILLUMINA,2021-01-02T00:00:00Z,2020-12-30T15:40:00Z,1,GSM4996084,cadaver donor eye tissue,SRP299835,24 hours,cornea
SRR13332246,RNA-Seq,138,925556551,PRJNA688734,SAMN17187140,385106775,GEO,public,"fastq,sra,run.zq","s3,gs,ncbi","gs.us-east1,s3.us-east-1,ncbi.public",SRX9759116,GSM4996085,mock,NextSeq 500,SINGLE,cDNA,TRANSCRIPTOMIC,Homo sapiens,ILLUMINA,2021-01-02T00:00:00Z,2020-12-30T15:40:00Z,1,GSM4996085,cadaver donor eye tissue,SRP299835,24 hours,cornea
SRR13332247,RNA-Seq,138,955889361,PRJNA688734,SAMN17187140,396513179,GEO,public,"run.zq,sra,fastq","s3,gs,ncbi","ncbi.public,gs.us-east1,s3.us-east-1",SRX9759116,GSM4996085,mock,NextSeq 500,SINGLE,cDNA,TRANSCRIPTOMIC,Homo sapiens,ILLUMINA,2021-01-02T00:00:00Z,2020-12-30T15:40:00Z,1,GSM4996085,cadaver donor eye tissue,SRP299835,24 hours,cornea
SRR13332248,RNA-Seq,138,948730365,PRJNA688734,SAMN17187140,396762089,GEO,public,"fastq,run.zq,sra","s3,ncbi,gs","ncbi.public,s3.us-east-1,gs.us-east1",SRX9759116,GSM4996085,mock,NextSeq 500,SINGLE,cDNA,TRANSCRIPTOMIC,Homo sapiens,ILLUMINA,2021-01-02T00:00:00Z,2020-12-30T15:41:00Z,1,GSM4996085,cadaver donor eye tissue,SRP299835,24 hours,cornea
SRR13332249,RNA-Seq,138,931545263,PRJNA688734,SAMN17187140,385082062,GEO,public,"sra,fastq,run.zq","s3,ncbi,gs","gs.us-east1,s3.us-east-1,ncbi.public",SRX9759116,GSM4996085,mock,NextSeq 500,SINGLE,cDNA,TRANSCRIPTOMIC,Homo sapiens,ILLUMINA,2021-01-02T00:00:00Z,2020-12-30T15:40:00Z,1,GSM4996085,cadaver donor eye tissue,SRP299835,24 hours,cornea
SRR13332250,RNA-Seq,132,807901377,PRJNA688734,SAMN17187139,335968282,GEO,public,"sra,run.zq,fastq","s3,gs,ncbi","s3.us-east-1,gs.us-east1,ncbi.public",SRX9759117,GSM4996086,mock,NextSeq 500,SINGLE,cDNA,TRANSCRIPTOMIC,Homo sapiens,ILLUMINA,2021-01-02T00:00:00Z,2020-12-30T15:41:00Z,1,GSM4996086,cadaver donor eye tissue,SRP299835,24 hours,cornea
SRR13332251,RNA-Seq,132,832340297,PRJNA688734,SAMN17187139,345180483,GEO,public,"run.zq,sra,fastq","ncbi,s3,gs","gs.us-east1,s3.us-east-1,ncbi.public",SRX9759117,GSM4996086,mock,NextSeq 500,SINGLE,cDNA,TRANSCRIPTOMIC,Homo sapiens,ILLUMINA,2021-01-02T00:00:00Z,2020-12-30T15:41:00Z,1,GSM4996086,cadaver donor eye tissue,SRP299835,24 hours,cornea
SRR13332252,RNA-Seq,132,827851601,PRJNA688734,SAMN17187139,345943044,GEO,public,"sra,fastq,run.zq","s3,ncbi,gs","gs.us-east1,ncbi.public,s3.us-east-1",SRX9759117,GSM4996086,mock,NextSeq 500,SINGLE,cDNA,TRANSCRIPTOMIC,Homo sapiens,ILLUMINA,2021-01-02T00:00:00Z,2020-12-30T15:41:00Z,1,GSM4996086,cadaver donor eye tissue,SRP299835,24 hours,cornea
SRR13332253,RNA-Seq,132,811989993,PRJNA688734,SAMN17187139,335469834,GEO,public,"fastq,sra,run.zq","s3,gs,ncbi","gs.us-east1,ncbi.public,s3.us-east-1",SRX9759117,GSM4996086,mock,NextSeq 500,SINGLE,cDNA,TRANSCRIPTOMIC,Homo sapiens,ILLUMINA,2021-01-02T00:00:00Z,2020-12-30T15:40:00Z,1,GSM4996086,cadaver donor eye tissue,SRP299835,24 hours,cornea
SRR13332254,RNA-Seq,137,810961187,PRJNA688734,SAMN17187138,338532666,GEO,public,"fastq,sra,run.zq","gs,s3,ncbi","ncbi.public,gs.us-east1,s3.us-east-1",SRX9759118,GSM4996087,"SARS-CoV-2, MOI = 1.0",NextSeq 500,SINGLE,cDNA,TRANSCRIPTOMIC,Homo sapiens,ILLUMINA,2021-01-02T00:00:00Z,2020-12-30T15:40:00Z,1,GSM4996087,cadaver donor eye tissue,SRP299835,24 hours,cornea
SRR13332255,RNA-Seq,137,834014486,PRJNA688734,SAMN17187138,347304000,GEO,public,"fastq,run.zq,sra","ncbi,gs,s3","gs.us-east1,s3.us-east-1,ncbi.public",SRX9759118,GSM4996087,"SARS-CoV-2, MOI = 1.0",NextSeq 500,SINGLE,cDNA,TRANSCRIPTOMIC,Homo sapiens,ILLUMINA,2021-01-02T00:00:00Z,2020-12-30T15:41:00Z,1,GSM4996087,cadaver donor eye tissue,SRP299835,24 hours,cornea
SRR13332256,RNA-Seq,137,830001471,PRJNA688734,SAMN17187138,348238917,GEO,public,"run.zq,sra,fastq","gs,ncbi,s3","ncbi.public,s3.us-east-1,gs.us-east1",SRX9759118,GSM4996087,"SARS-CoV-2, MOI = 1.0",NextSeq 500,SINGLE,cDNA,TRANSCRIPTOMIC,Homo sapiens,ILLUMINA,2021-01-02T00:00:00Z,2020-12-30T15:41:00Z,1,GSM4996087,cadaver donor eye tissue,SRP299835,24 hours,cornea
SRR13332257,RNA-Seq,136,813378768,PRJNA688734,SAMN17187138,337448908,GEO,public,"fastq,sra,run.zq","ncbi,s3,gs","gs.us-east1,s3.us-east-1,ncbi.public",SRX9759118,GSM4996087,"SARS-CoV-2, MOI = 1.0",NextSeq 500,SINGLE,cDNA,TRANSCRIPTOMIC,Homo sapiens,ILLUMINA,2021-01-02T00:00:00Z,2020-12-30T15:42:00Z,1,GSM4996087,cadaver donor eye tissue,SRP299835,24 hours,cornea
SRR13332258,RNA-Seq,132,841865243,PRJNA688734,SAMN17187137,349583665,GEO,public,"fastq,sra,run.zq","ncbi,s3,gs","gs.us-east1,s3.us-east-1,ncbi.public",SRX9759119,GSM4996088,"SARS-CoV-2, MOI = 1.0",NextSeq 500,SINGLE,cDNA,TRANSCRIPTOMIC,Homo sapiens,ILLUMINA,2021-01-02T00:00:00Z,2020-12-30T15:41:00Z,1,GSM4996088,cadaver donor eye tissue,SRP299835,24 hours,cornea
SRR13332259,RNA-Seq,132,872832440,PRJNA688734,SAMN17187137,361577759,GEO,public,"run.zq,fastq,sra","ncbi,s3,gs","ncbi.public,gs.us-east1,s3.us-east-1",SRX9759119,GSM4996088,"SARS-CoV-2, MOI = 1.0",NextSeq 500,SINGLE,cDNA,TRANSCRIPTOMIC,Homo sapiens,ILLUMINA,2021-01-02T00:00:00Z,2020-12-30T15:42:00Z,1,GSM4996088,cadaver donor eye tissue,SRP299835,24 hours,cornea
SRR13332260,RNA-Seq,132,868322502,PRJNA688734,SAMN17187137,362466392,GEO,public,"fastq,run.zq,sra","ncbi,gs,s3","gs.us-east1,s3.us-east-1,ncbi.public",SRX9759119,GSM4996088,"SARS-CoV-2, MOI = 1.0",NextSeq 500,SINGLE,cDNA,TRANSCRIPTOMIC,Homo sapiens,ILLUMINA,2021-01-02T00:00:00Z,2020-12-30T15:42:00Z,1,GSM4996088,cadaver donor eye tissue,SRP299835,24 hours,cornea
SRR13332261,RNA-Seq,132,850359649,PRJNA688734,SAMN17187137,350988148,GEO,public,"sra,run.zq,fastq","gs,ncbi,s3","ncbi.public,gs.us-east1,s3.us-east-1",SRX9759119,GSM4996088,"SARS-CoV-2, MOI = 1.0",NextSeq 500,SINGLE,cDNA,TRANSCRIPTOMIC,Homo sapiens,ILLUMINA,2021-01-02T00:00:00Z,2020-12-30T15:42:00Z,1,GSM4996088,cadaver donor eye tissue,SRP299835,24 hours,cornea
SRR13332262,RNA-Seq,136,753502978,PRJNA688734,SAMN17187136,315055044,GEO,public,"fastq,run.zq,sra","s3,gs,ncbi","ncbi.public,s3.us-east-1,gs.us-east1",SRX9759120,GSM4996089,"SARS-CoV-2, MOI = 1.0",NextSeq 500,SINGLE,cDNA,TRANSCRIPTOMIC,Homo sapiens,ILLUMINA,2021-01-02T00:00:00Z,2020-12-30T15:41:00Z,1,GSM4996089,cadaver donor eye tissue,SRP299835,24 hours,cornea
SRR13332263,RNA-Seq,136,782567091,PRJNA688734,SAMN17187136,326407520,GEO,public,"sra,fastq,run.zq","ncbi,s3,gs","gs.us-east1,s3.us-east-1,ncbi.public",SRX9759120,GSM4996089,"SARS-CoV-2, MOI = 1.0",NextSeq 500,SINGLE,cDNA,TRANSCRIPTOMIC,Homo sapiens,ILLUMINA,2021-01-02T00:00:00Z,2020-12-30T15:41:00Z,1,GSM4996089,cadaver donor eye tissue,SRP299835,24 hours,cornea
SRR13332264,RNA-Seq,136,777353210,PRJNA688734,SAMN17187136,326795548,GEO,public,"sra,fastq,run.zq","s3,gs,ncbi","gs.us-east1,s3.us-east-1,ncbi.public",SRX9759120,GSM4996089,"SARS-CoV-2, MOI = 1.0",NextSeq 500,SINGLE,cDNA,TRANSCRIPTOMIC,Homo sapiens,ILLUMINA,2021-01-02T00:00:00Z,2020-12-30T15:42:00Z,1,GSM4996089,cadaver donor eye tissue,SRP299835,24 hours,cornea
SRR13332265,RNA-Seq,136,762401203,PRJNA688734,SAMN17187136,316985192,GEO,public,"sra,run.zq,fastq","s3,ncbi,gs","gs.us-east1,ncbi.public,s3.us-east-1",SRX9759120,GSM4996089,"SARS-CoV-2, MOI = 1.0",NextSeq 500,SINGLE,cDNA,TRANSCRIPTOMIC,Homo sapiens,ILLUMINA,2021-01-02T00:00:00Z,2020-12-30T15:42:00Z,1,GSM4996089,cadaver donor eye tissue,SRP299835,24 hours,cornea
SRR13332266,RNA-Seq,133,1012444666,PRJNA688734,SAMN17187129,422656176,GEO,public,"run.zq,sra,fastq","s3,gs,ncbi","s3.us-east-1,ncbi.public,gs.us-east1",SRX9759121,GSM4996090,mock,NextSeq 500,SINGLE,cDNA,TRANSCRIPTOMIC,Homo sapiens,ILLUMINA,2021-01-02T00:00:00Z,2020-12-30T15:42:00Z,1,GSM4996090,cadaver donor eye tissue,SRP299835,24 hours,limbus
SRR13332267,RNA-Seq,133,1048955851,PRJNA688734,SAMN17187129,436687663,GEO,public,"fastq,run.zq,sra","gs,ncbi,s3","s3.us-east-1,ncbi.public,gs.us-east1",SRX9759121,GSM4996090,mock,NextSeq 500,SINGLE,cDNA,TRANSCRIPTOMIC,Homo sapiens,ILLUMINA,2021-01-02T00:00:00Z,2020-12-30T15:43:00Z,1,GSM4996090,cadaver donor eye tissue,SRP299835,24 hours,limbus
SRR13332268,RNA-Seq,133,1042627942,PRJNA688734,SAMN17187129,437535528,GEO,public,"run.zq,fastq,sra","s3,gs,ncbi","ncbi.public,s3.us-east-1,gs.us-east1",SRX9759121,GSM4996090,mock,NextSeq 500,SINGLE,cDNA,TRANSCRIPTOMIC,Homo sapiens,ILLUMINA,2021-01-02T00:00:00Z,2020-12-30T15:42:00Z,1,GSM4996090,cadaver donor eye tissue,SRP299835,24 hours,limbus
SRR13332269,RNA-Seq,133,1023002970,PRJNA688734,SAMN17187129,424395591,GEO,public,"fastq,run.zq,sra","gs,s3,ncbi","ncbi.public,s3.us-east-1,gs.us-east1",SRX9759121,GSM4996090,mock,NextSeq 500,SINGLE,cDNA,TRANSCRIPTOMIC,Homo sapiens,ILLUMINA,2021-01-02T00:00:00Z,2020-12-30T15:43:00Z,1,GSM4996090,cadaver donor eye tissue,SRP299835,24 hours,limbus
SRR13332270,RNA-Seq,134,912149759,PRJNA688734,SAMN17187128,381557636,GEO,public,"fastq,run.zq,sra","ncbi,s3,gs","gs.us-east1,s3.us-east-1,ncbi.public",SRX9759122,GSM4996091,mock,NextSeq 500,SINGLE,cDNA,TRANSCRIPTOMIC,Homo sapiens,ILLUMINA,2021-01-02T00:00:00Z,2020-12-30T15:43:00Z,1,GSM4996091,cadaver donor eye tissue,SRP299835,24 hours,limbus
SRR13332271,RNA-Seq,135,942233287,PRJNA688734,SAMN17187128,393200102,GEO,public,"run.zq,fastq,sra","gs,ncbi,s3","gs.us-east1,s3.us-east-1,ncbi.public",SRX9759122,GSM4996091,mock,NextSeq 500,SINGLE,cDNA,TRANSCRIPTOMIC,Homo sapiens,ILLUMINA,2021-01-02T00:00:00Z,2020-12-30T15:42:00Z,1,GSM4996091,cadaver donor eye tissue,SRP299835,24 hours,limbus
SRR13332272,RNA-Seq,135,938217227,PRJNA688734,SAMN17187128,394550841,GEO,public,"sra,run.zq,fastq","ncbi,gs,s3","s3.us-east-1,ncbi.public,gs.us-east1",SRX9759122,GSM4996091,mock,NextSeq 500,SINGLE,cDNA,TRANSCRIPTOMIC,Homo sapiens,ILLUMINA,2021-01-02T00:00:00Z,2020-12-30T15:42:00Z,1,GSM4996091,cadaver donor eye tissue,SRP299835,24 hours,limbus
SRR13332273,RNA-Seq,134,918606230,PRJNA688734,SAMN17187128,381991337,GEO,public,"run.zq,fastq,sra","ncbi,s3,gs","s3.us-east-1,ncbi.public,gs.us-east1",SRX9759122,GSM4996091,mock,NextSeq 500,SINGLE,cDNA,TRANSCRIPTOMIC,Homo sapiens,ILLUMINA,2021-01-02T00:00:00Z,2020-12-30T15:43:00Z,1,GSM4996091,cadaver donor eye tissue,SRP299835,24 hours,limbus
SRR13332274,RNA-Seq,132,878575665,PRJNA688734,SAMN17187127,364868782,GEO,public,"run.zq,sra,fastq","gs,ncbi,s3","ncbi.public,gs.us-east1,s3.us-east-1",SRX9759123,GSM4996092,mock,NextSeq 500,SINGLE,cDNA,TRANSCRIPTOMIC,Homo sapiens,ILLUMINA,2021-01-02T00:00:00Z,2020-12-30T15:43:00Z,1,GSM4996092,cadaver donor eye tissue,SRP299835,24 hours,limbus
SRR13332275,RNA-Seq,132,906815970,PRJNA688734,SAMN17187127,375703205,GEO,public,"fastq,run.zq,sra","gs,ncbi,s3","ncbi.public,gs.us-east1,s3.us-east-1",SRX9759123,GSM4996092,mock,NextSeq 500,SINGLE,cDNA,TRANSCRIPTOMIC,Homo sapiens,ILLUMINA,2021-01-02T00:00:00Z,2020-12-30T15:42:00Z,1,GSM4996092,cadaver donor eye tissue,SRP299835,24 hours,limbus
SRR13332276,RNA-Seq,132,903260233,PRJNA688734,SAMN17187127,377056048,GEO,public,"fastq,run.zq,sra","s3,gs,ncbi","ncbi.public,gs.us-east1,s3.us-east-1",SRX9759123,GSM4996092,mock,NextSeq 500,SINGLE,cDNA,TRANSCRIPTOMIC,Homo sapiens,ILLUMINA,2021-01-02T00:00:00Z,2020-12-30T15:43:00Z,1,GSM4996092,cadaver donor eye tissue,SRP299835,24 hours,limbus
SRR13332277,RNA-Seq,132,885421654,PRJNA688734,SAMN17187127,365507911,GEO,public,"run.zq,fastq,sra","gs,ncbi,s3","s3.us-east-1,gs.us-east1,ncbi.public",SRX9759123,GSM4996092,mock,NextSeq 500,SINGLE,cDNA,TRANSCRIPTOMIC,Homo sapiens,ILLUMINA,2021-01-02T00:00:00Z,2020-12-30T15:43:00Z,1,GSM4996092,cadaver donor eye tissue,SRP299835,24 hours,limbus
SRR13332278,RNA-Seq,133,760463564,PRJNA688734,SAMN17187126,316729997,GEO,public,"run.zq,fastq,sra","s3,gs,ncbi","ncbi.public,gs.us-east1,s3.us-east-1",SRX9759124,GSM4996093,"SARS-CoV-2, MOI = 1.0",NextSeq 500,SINGLE,cDNA,TRANSCRIPTOMIC,Homo sapiens,ILLUMINA,2021-01-02T00:00:00Z,2020-12-30T15:42:00Z,1,GSM4996093,cadaver donor eye tissue,SRP299835,24 hours,limbus
SRR13332279,RNA-Seq,133,784020394,PRJNA688734,SAMN17187126,325702119,GEO,public,"sra,fastq,run.zq","ncbi,gs,s3","gs.us-east1,s3.us-east-1,ncbi.public",SRX9759124,GSM4996093,"SARS-CoV-2, MOI = 1.0",NextSeq 500,SINGLE,cDNA,TRANSCRIPTOMIC,Homo sapiens,ILLUMINA,2021-01-02T00:00:00Z,2020-12-30T15:42:00Z,1,GSM4996093,cadaver donor eye tissue,SRP299835,24 hours,limbus
SRR13332280,RNA-Seq,133,780389365,PRJNA688734,SAMN17187126,326666973,GEO,public,"fastq,sra,run.zq","ncbi,gs,s3","gs.us-east1,ncbi.public,s3.us-east-1",SRX9759124,GSM4996093,"SARS-CoV-2, MOI = 1.0",NextSeq 500,SINGLE,cDNA,TRANSCRIPTOMIC,Homo sapiens,ILLUMINA,2021-01-02T00:00:00Z,2020-12-30T15:43:00Z,1,GSM4996093,cadaver donor eye tissue,SRP299835,24 hours,limbus
SRR13332281,RNA-Seq,132,765479185,PRJNA688734,SAMN17187126,316818680,GEO,public,"run.zq,fastq,sra","s3,gs,ncbi","ncbi.public,s3.us-east-1,gs.us-east1",SRX9759124,GSM4996093,"SARS-CoV-2, MOI = 1.0",NextSeq 500,SINGLE,cDNA,TRANSCRIPTOMIC,Homo sapiens,ILLUMINA,2021-01-02T00:00:00Z,2020-12-30T15:42:00Z,1,GSM4996093,cadaver donor eye tissue,SRP299835,24 hours,limbus
SRR13332282,RNA-Seq,131,702760476,PRJNA688734,SAMN17187125,293121355,GEO,public,"sra,fastq,run.zq","s3,ncbi,gs","s3.us-east-1,ncbi.public,gs.us-east1",SRX9759125,GSM4996094,"SARS-CoV-2, MOI = 1.0",NextSeq 500,SINGLE,cDNA,TRANSCRIPTOMIC,Homo sapiens,ILLUMINA,2021-01-02T00:00:00Z,2020-12-30T15:42:00Z,1,GSM4996094,cadaver donor eye tissue,SRP299835,24 hours,limbus
SRR13332283,RNA-Seq,131,723153023,PRJNA688734,SAMN17187125,300751317,GEO,public,"fastq,sra,run.zq","s3,gs,ncbi","gs.us-east1,ncbi.public,s3.us-east-1",SRX9759125,GSM4996094,"SARS-CoV-2, MOI = 1.0",NextSeq 500,SINGLE,cDNA,TRANSCRIPTOMIC,Homo sapiens,ILLUMINA,2021-01-02T00:00:00Z,2020-12-30T15:44:00Z,1,GSM4996094,cadaver donor eye tissue,SRP299835,24 hours,limbus
SRR13332284,RNA-Seq,131,719362921,PRJNA688734,SAMN17187125,301522512,GEO,public,"run.zq,sra,fastq","gs,s3,ncbi","gs.us-east1,s3.us-east-1,ncbi.public",SRX9759125,GSM4996094,"SARS-CoV-2, MOI = 1.0",NextSeq 500,SINGLE,cDNA,TRANSCRIPTOMIC,Homo sapiens,ILLUMINA,2021-01-02T00:00:00Z,2020-12-30T15:43:00Z,1,GSM4996094,cadaver donor eye tissue,SRP299835,24 hours,limbus
SRR13332285,RNA-Seq,131,705759962,PRJNA688734,SAMN17187125,292549115,GEO,public,"fastq,run.zq,sra","gs,ncbi,s3","ncbi.public,s3.us-east-1,gs.us-east1",SRX9759125,GSM4996094,"SARS-CoV-2, MOI = 1.0",NextSeq 500,SINGLE,cDNA,TRANSCRIPTOMIC,Homo sapiens,ILLUMINA,2021-01-02T00:00:00Z,2020-12-30T15:43:00Z,1,GSM4996094,cadaver donor eye tissue,SRP299835,24 hours,limbus
SRR13332286,RNA-Seq,131,888587288,PRJNA688734,SAMN17187124,371184764,GEO,public,"run.zq,fastq,sra","gs,s3,ncbi","gs.us-east1,s3.us-east-1,ncbi.public",SRX9759126,GSM4996095,"SARS-CoV-2, MOI = 1.0",NextSeq 500,SINGLE,cDNA,TRANSCRIPTOMIC,Homo sapiens,ILLUMINA,2021-01-02T00:00:00Z,2020-12-30T15:43:00Z,1,GSM4996095,cadaver donor eye tissue,SRP299835,24 hours,limbus
SRR13332287,RNA-Seq,131,912481115,PRJNA688734,SAMN17187124,380348786,GEO,public,"fastq,run.zq,sra","ncbi,s3,gs","ncbi.public,s3.us-east-1,gs.us-east1",SRX9759126,GSM4996095,"SARS-CoV-2, MOI = 1.0",NextSeq 500,SINGLE,cDNA,TRANSCRIPTOMIC,Homo sapiens,ILLUMINA,2021-01-02T00:00:00Z,2020-12-30T15:43:00Z,1,GSM4996095,cadaver donor eye tissue,SRP299835,24 hours,limbus
SRR13332288,RNA-Seq,131,910957905,PRJNA688734,SAMN17187124,382413667,GEO,public,"fastq,sra,run.zq","ncbi,gs,s3","gs.us-east1,ncbi.public,s3.us-east-1",SRX9759126,GSM4996095,"SARS-CoV-2, MOI = 1.0",NextSeq 500,SINGLE,cDNA,TRANSCRIPTOMIC,Homo sapiens,ILLUMINA,2021-01-02T00:00:00Z,2020-12-30T15:43:00Z,1,GSM4996095,cadaver donor eye tissue,SRP299835,24 hours,limbus
SRR13332289,RNA-Seq,131,892071797,PRJNA688734,SAMN17187124,370407035,GEO,public,"fastq,sra,run.zq","gs,s3,ncbi","gs.us-east1,s3.us-east-1,ncbi.public",SRX9759126,GSM4996095,"SARS-CoV-2, MOI = 1.0",NextSeq 500,SINGLE,cDNA,TRANSCRIPTOMIC,Homo sapiens,ILLUMINA,2021-01-02T00:00:00Z,2020-12-30T15:44:00Z,1,GSM4996095,cadaver donor eye tissue,SRP299835,24 hours,limbus
SRR13332290,RNA-Seq,134,730795950,PRJNA688734,SAMN17187135,306159948,GEO,public,"sra,run.zq,fastq","ncbi,s3,gs","gs.us-east1,s3.us-east-1,ncbi.public",SRX9759127,GSM4996096,mock,NextSeq 500,SINGLE,cDNA,TRANSCRIPTOMIC,Homo sapiens,ILLUMINA,2021-01-02T00:00:00Z,2020-12-30T15:43:00Z,1,GSM4996096,cadaver donor eye tissue,SRP299835,24 hours,sclera
SRR13332291,RNA-Seq,134,754660145,PRJNA688734,SAMN17187135,315478196,GEO,public,"sra,fastq,run.zq","s3,gs,ncbi","gs.us-east1,ncbi.public,s3.us-east-1",SRX9759127,GSM4996096,mock,NextSeq 500,SINGLE,cDNA,TRANSCRIPTOMIC,Homo sapiens,ILLUMINA,2021-01-02T00:00:00Z,2020-12-30T15:43:00Z,1,GSM4996096,cadaver donor eye tissue,SRP299835,24 hours,sclera
SRR13332292,RNA-Seq,134,752110292,PRJNA688734,SAMN17187135,316784449,GEO,public,"fastq,sra,run.zq","s3,ncbi,gs","s3.us-east-1,ncbi.public,gs.us-east1",SRX9759127,GSM4996096,mock,NextSeq 500,SINGLE,cDNA,TRANSCRIPTOMIC,Homo sapiens,ILLUMINA,2021-01-02T00:00:00Z,2020-12-30T15:43:00Z,1,GSM4996096,cadaver donor eye tissue,SRP299835,24 hours,sclera
SRR13332293,RNA-Seq,134,735803651,PRJNA688734,SAMN17187135,306621145,GEO,public,"fastq,run.zq,sra","gs,s3,ncbi","ncbi.public,s3.us-east-1,gs.us-east1",SRX9759127,GSM4996096,mock,NextSeq 500,SINGLE,cDNA,TRANSCRIPTOMIC,Homo sapiens,ILLUMINA,2021-01-02T00:00:00Z,2020-12-30T15:43:00Z,1,GSM4996096,cadaver donor eye tissue,SRP299835,24 hours,sclera
SRR13332294,RNA-Seq,133,698637812,PRJNA688734,SAMN17187134,292239907,GEO,public,"sra,run.zq,fastq","s3,gs,ncbi","s3.us-east-1,gs.us-east1,ncbi.public",SRX9759128,GSM4996097,mock,NextSeq 500,SINGLE,cDNA,TRANSCRIPTOMIC,Homo sapiens,ILLUMINA,2021-01-02T00:00:00Z,2020-12-30T15:43:00Z,1,GSM4996097,cadaver donor eye tissue,SRP299835,24 hours,sclera
SRR13332295,RNA-Seq,133,721393595,PRJNA688734,SAMN17187134,301108419,GEO,public,"sra,run.zq,fastq","gs,s3,ncbi","gs.us-east1,s3.us-east-1,ncbi.public",SRX9759128,GSM4996097,mock,NextSeq 500,SINGLE,cDNA,TRANSCRIPTOMIC,Homo sapiens,ILLUMINA,2021-01-02T00:00:00Z,2020-12-30T15:43:00Z,1,GSM4996097,cadaver donor eye tissue,SRP299835,24 hours,sclera
SRR13332296,RNA-Seq,133,717865164,PRJNA688734,SAMN17187134,301830161,GEO,public,"fastq,run.zq,sra","gs,ncbi,s3","s3.us-east-1,ncbi.public,gs.us-east1",SRX9759128,GSM4996097,mock,NextSeq 500,SINGLE,cDNA,TRANSCRIPTOMIC,Homo sapiens,ILLUMINA,2021-01-02T00:00:00Z,2020-12-30T15:43:00Z,1,GSM4996097,cadaver donor eye tissue,SRP299835,24 hours,sclera
SRR13332297,RNA-Seq,133,703229899,PRJNA688734,SAMN17187134,292570859,GEO,public,"run.zq,fastq,sra","s3,gs,ncbi","ncbi.public,gs.us-east1,s3.us-east-1",SRX9759128,GSM4996097,mock,NextSeq 500,SINGLE,cDNA,TRANSCRIPTOMIC,Homo sapiens,ILLUMINA,2021-01-02T00:00:00Z,2020-12-30T15:43:00Z,1,GSM4996097,cadaver donor eye tissue,SRP299835,24 hours,sclera
SRR13332298,RNA-Seq,132,855832076,PRJNA688734,SAMN17187133,359035945,GEO,public,"sra,run.zq,fastq","ncbi,s3,gs","ncbi.public,s3.us-east-1,gs.us-east1",SRX9759129,GSM4996098,mock,NextSeq 500,SINGLE,cDNA,TRANSCRIPTOMIC,Homo sapiens,ILLUMINA,2021-01-02T00:00:00Z,2020-12-30T15:44:00Z,1,GSM4996098,cadaver donor eye tissue,SRP299835,24 hours,sclera
SRR13332299,RNA-Seq,132,883504794,PRJNA688734,SAMN17187133,369775601,GEO,public,"fastq,sra,run.zq","gs,ncbi,s3","s3.us-east-1,ncbi.public,gs.us-east1",SRX9759129,GSM4996098,mock,NextSeq 500,SINGLE,cDNA,TRANSCRIPTOMIC,Homo sapiens,ILLUMINA,2021-01-02T00:00:00Z,2020-12-30T15:45:00Z,1,GSM4996098,cadaver donor eye tissue,SRP299835,24 hours,sclera
SRR13332300,RNA-Seq,132,879489212,PRJNA688734,SAMN17187133,370898207,GEO,public,"fastq,sra,run.zq","gs,s3,ncbi","gs.us-east1,ncbi.public,s3.us-east-1",SRX9759129,GSM4996098,mock,NextSeq 500,SINGLE,cDNA,TRANSCRIPTOMIC,Homo sapiens,ILLUMINA,2021-01-02T00:00:00Z,2020-12-30T15:44:00Z,1,GSM4996098,cadaver donor eye tissue,SRP299835,24 hours,sclera
SRR13332301,RNA-Seq,132,862710193,PRJNA688734,SAMN17187133,359923278,GEO,public,"fastq,sra,run.zq","gs,ncbi,s3","gs.us-east1,s3.us-east-1,ncbi.public",SRX9759129,GSM4996098,mock,NextSeq 500,SINGLE,cDNA,TRANSCRIPTOMIC,Homo sapiens,ILLUMINA,2021-01-02T00:00:00Z,2020-12-30T15:44:00Z,1,GSM4996098,cadaver donor eye tissue,SRP299835,24 hours,sclera
SRR13332302,RNA-Seq,135,775399611,PRJNA688734,SAMN17187132,325109797,GEO,public,"sra,run.zq,fastq","ncbi,s3,gs","gs.us-east1,s3.us-east-1,ncbi.public",SRX9759130,GSM4996099,"SARS-CoV-2, MOI = 1.0",NextSeq 500,SINGLE,cDNA,TRANSCRIPTOMIC,Homo sapiens,ILLUMINA,2021-01-02T00:00:00Z,2020-12-30T15:44:00Z,1,GSM4996099,cadaver donor eye tissue,SRP299835,24 hours,sclera
SRR13332303,RNA-Seq,135,795894923,PRJNA688734,SAMN17187132,333085565,GEO,public,"run.zq,fastq,sra","ncbi,s3,gs","s3.us-east-1,gs.us-east1,ncbi.public",SRX9759130,GSM4996099,"SARS-CoV-2, MOI = 1.0",NextSeq 500,SINGLE,cDNA,TRANSCRIPTOMIC,Homo sapiens,ILLUMINA,2021-01-02T00:00:00Z,2020-12-30T15:44:00Z,1,GSM4996099,cadaver donor eye tissue,SRP299835,24 hours,sclera
SRR13332304,RNA-Seq,135,794533735,PRJNA688734,SAMN17187132,334802939,GEO,public,"run.zq,fastq,sra","s3,ncbi,gs","gs.us-east1,ncbi.public,s3.us-east-1",SRX9759130,GSM4996099,"SARS-CoV-2, MOI = 1.0",NextSeq 500,SINGLE,cDNA,TRANSCRIPTOMIC,Homo sapiens,ILLUMINA,2021-01-02T00:00:00Z,2020-12-30T15:44:00Z,1,GSM4996099,cadaver donor eye tissue,SRP299835,24 hours,sclera
SRR13332305,RNA-Seq,135,778342924,PRJNA688734,SAMN17187132,324533078,GEO,public,"fastq,run.zq,sra","s3,ncbi,gs","ncbi.public,gs.us-east1,s3.us-east-1",SRX9759130,GSM4996099,"SARS-CoV-2, MOI = 1.0",NextSeq 500,SINGLE,cDNA,TRANSCRIPTOMIC,Homo sapiens,ILLUMINA,2021-01-02T00:00:00Z,2020-12-30T15:44:00Z,1,GSM4996099,cadaver donor eye tissue,SRP299835,24 hours,sclera
SRR13332306,RNA-Seq,135,708946260,PRJNA688734,SAMN17187131,295355090,GEO,public,"run.zq,sra,fastq","s3,gs,ncbi","s3.us-east-1,gs.us-east1,ncbi.public",SRX9759131,GSM4996100,"SARS-CoV-2, MOI = 1.0",NextSeq 500,SINGLE,cDNA,TRANSCRIPTOMIC,Homo sapiens,ILLUMINA,2021-01-02T00:00:00Z,2020-12-30T15:43:00Z,1,GSM4996100,cadaver donor eye tissue,SRP299835,24 hours,sclera
SRR13332307,RNA-Seq,135,731940678,PRJNA688734,SAMN17187131,304183642,GEO,public,"fastq,sra,run.zq","gs,s3,ncbi","gs.us-east1,s3.us-east-1,ncbi.public",SRX9759131,GSM4996100,"SARS-CoV-2, MOI = 1.0",NextSeq 500,SINGLE,cDNA,TRANSCRIPTOMIC,Homo sapiens,ILLUMINA,2021-01-02T00:00:00Z,2020-12-30T15:44:00Z,1,GSM4996100,cadaver donor eye tissue,SRP299835,24 hours,sclera
SRR13332308,RNA-Seq,135,728233311,PRJNA688734,SAMN17187131,305003976,GEO,public,"sra,fastq,run.zq","gs,s3,ncbi","gs.us-east1,s3.us-east-1,ncbi.public",SRX9759131,GSM4996100,"SARS-CoV-2, MOI = 1.0",NextSeq 500,SINGLE,cDNA,TRANSCRIPTOMIC,Homo sapiens,ILLUMINA,2021-01-02T00:00:00Z,2020-12-30T15:43:00Z,1,GSM4996100,cadaver donor eye tissue,SRP299835,24 hours,sclera
SRR13332309,RNA-Seq,135,713791164,PRJNA688734,SAMN17187131,295641211,GEO,public,"fastq,run.zq,sra","ncbi,s3,gs","gs.us-east1,s3.us-east-1,ncbi.public",SRX9759131,GSM4996100,"SARS-CoV-2, MOI = 1.0",NextSeq 500,SINGLE,cDNA,TRANSCRIPTOMIC,Homo sapiens,ILLUMINA,2021-01-02T00:00:00Z,2020-12-30T15:44:00Z,1,GSM4996100,cadaver donor eye tissue,SRP299835,24 hours,sclera
SRR13332310,RNA-Seq,136,987676896,PRJNA688734,SAMN17187130,412045410,GEO,public,"run.zq,sra,fastq","s3,gs,ncbi","gs.us-east1,ncbi.public,s3.us-east-1",SRX9759132,GSM4996101,"SARS-CoV-2, MOI = 1.0",NextSeq 500,SINGLE,cDNA,TRANSCRIPTOMIC,Homo sapiens,ILLUMINA,2021-01-02T00:00:00Z,2020-12-30T15:45:00Z,1,GSM4996101,cadaver donor eye tissue,SRP299835,24 hours,sclera
SRR13332311,RNA-Seq,136,1019650489,PRJNA688734,SAMN17187130,424136632,GEO,public,"sra,fastq,run.zq","ncbi,s3,gs","ncbi.public,gs.us-east1,s3.us-east-1",SRX9759132,GSM4996101,"SARS-CoV-2, MOI = 1.0",NextSeq 500,SINGLE,cDNA,TRANSCRIPTOMIC,Homo sapiens,ILLUMINA,2021-01-02T00:00:00Z,2020-12-30T15:45:00Z,1,GSM4996101,cadaver donor eye tissue,SRP299835,24 hours,sclera
SRR13332312,RNA-Seq,136,1012702584,PRJNA688734,SAMN17187130,424707445,GEO,public,"run.zq,sra,fastq","s3,gs,ncbi","ncbi.public,s3.us-east-1,gs.us-east1",SRX9759132,GSM4996101,"SARS-CoV-2, MOI = 1.0",NextSeq 500,SINGLE,cDNA,TRANSCRIPTOMIC,Homo sapiens,ILLUMINA,2021-01-02T00:00:00Z,2020-12-30T15:45:00Z,1,GSM4996101,cadaver donor eye tissue,SRP299835,24 hours,sclera
SRR13332313,RNA-Seq,136,993565159,PRJNA688734,SAMN17187130,411964066,GEO,public,"sra,run.zq,fastq","s3,ncbi,gs","ncbi.public,gs.us-east1,s3.us-east-1",SRX9759132,GSM4996101,"SARS-CoV-2, MOI = 1.0",NextSeq 500,SINGLE,cDNA,TRANSCRIPTOMIC,Homo sapiens,ILLUMINA,2021-01-02T00:00:00Z,2020-12-30T15:44:00Z,1,GSM4996101,cadaver donor eye tissue,SRP299835,24 hours,sclera
